Handle,Title,Option1 Name,Option1 Value,Variant SKU,Variant Price,Variant Compare At Price,Image Src,Image Position
olibanum-citrus-aromatic-bath-soap-for-men-150gms,Olibanum Citrus Aromatic Bath Soap for Men - 150gms,Default Title,Default Title,ML16-B12,600.00,,https://www.maroma.com/wp-content/uploads/2025/08/auroville-maroma-body-care-emanate-olibanum-citrus-aromatic-soap-100gm-01.webp,1
olibanum-citrus-aromatic-bath-soap-for-men-150gms,,,,,,,https://www.maroma.com/wp-content/uploads/2025/08/auroville-maroma-body-care-emanate-olibanum-citrus-aromatic-soap-100gm-02.webp,2
hemp-face-cream-50gms-only-for-sale-in-india,Hemp Face Cream - 50gms (Only for Sale in India),Default Title,Default Title,HL16-A03,1040.00,,https://www.maroma.com/wp-content/uploads/2023/07/maroma-hemp-face-cream-image1-copy-1.jpg,1
hemp-serum-50gms-only-for-sale-in-india,Hemp Serum - 50gms (Only for Sale in India),Default Title,Default Title,HL16-A04,1310.00,,https://www.maroma.com/wp-content/uploads/2023/08/maroma-hemp-face-serum-image1-copy.jpg,1
cedar-lavender-aromatic-bath-soap-for-men-150gms,Cedar Lavender Aromatic Bath Soap for Men - 150gms,Default Title,Default Title,ML16-B11,600.00,,https://www.maroma.com/wp-content/uploads/2025/08/auroville-maroma-body-care-elevate-cedar-lavender-aromatic-soap-100gm-01.webp,1
cedar-lavender-aromatic-bath-soap-for-men-150gms,,,,,,,https://www.maroma.com/wp-content/uploads/2025/08/auroville-maroma-body-care-elevate-cedar-lavender-aromatic-soap-100gm-02.webp,2
tonka-vetiver-aromatic-bath-soap-for-men-150gms,Tonka Vetiver Aromatic Bath Soap for Men - 150gms,Default Title,Default Title,ML16-B13,600.00,,https://www.maroma.com/wp-content/uploads/2025/08/auroville-maroma-body-care-captivate-tonka-vetiver-aromatic-soap-100gm-01.webp,1
tonka-vetiver-aromatic-bath-soap-for-men-150gms,,,,,,,https://www.maroma.com/wp-content/uploads/2025/08/auroville-maroma-body-care-captivate-tonka-vetiver-aromatic-soap-100gm-02.webp,2
orange-patchouli-aromatic-bath-soap-for-men-150gms,Orange Patchouli Aromatic Bath Soap for Men - 150gms,Default Title,Default Title,ML16-B14,600.00,,https://www.maroma.com/wp-content/uploads/2025/08/auroville-maroma-body-care-intrigue-orange-patchouli-aromatic-soap-100gm-01.webp,1
orange-patchouli-aromatic-bath-soap-for-men-150gms,,,,,,,https://www.maroma.com/wp-content/uploads/2025/08/auroville-maroma-body-care-intrigue-orange-patchouli-aromatic-soap-100gm-02.webp,2
man-soap-gift-pack-set-of-4-25gmsx4,Man Soap Gift Pack-Set of 4 (25gmsx4),Default Title,Default Title,ML29-A27,550.00,,https://www.maroma.com/wp-content/uploads/2023/08/ML29-A27_001-copy-1.jpg,1
bamboo-charcoal-shampoo-200ml,Bamboo Charcoal Shampoo - 200ml,Default Title,Default Title,BC16-A11,735.00,,https://www.maroma.com/wp-content/uploads/2023/08/BC16-A11_Bamboo-Charcoal-Shampoo-001.jpg,1
bamboo-charcoal-hair-conditioner-200ml,Bamboo Charcoal Hair Conditioner - 200ml,Default Title,Default Title,BC16-A31,720.00,,https://www.maroma.com/wp-content/uploads/2023/08/BC16-A31_Bamboo-Charcoal-Conditioner-001.jpg,1
bamboo-charcoal-shower-gel-200ml,Bamboo Charcoal Shower Gel - 200ml,Default Title,Default Title,BC16-A21,920.00,,https://www.maroma.com/wp-content/uploads/2023/08/BC16-A21_Bamboo-Charcoal-Shower-Gel-001.jpg,1
coconut-shower-gel-200ml,Coconut Shower Gel - 200ml,Default Title,Default Title,CT16-A71,920.00,,https://www.maroma.com/wp-content/uploads/2023/08/CT16-A71_Coconut-shower-gel-001-copy.jpg,1
coconut-shampoo-200ml,Coconut Shampoo - 200ml,Default Title,Default Title,CT16-A61,940.00,,https://www.maroma.com/wp-content/uploads/2023/08/CT16-A61_Coconut-Shampoo-001.jpg,1
coconut-hair-conditioner-200ml,Coconut Hair Conditioner - 200ml,Default Title,Default Title,CT16-A41,1110.00,,https://www.maroma.com/wp-content/uploads/2023/08/CT16-A41_Coconut-Conditioner-001.jpg,1
colibri-lemongrass-rollon-9ml,Colibri Lemongrass Rollon - 9ml,Default Title,Default Title,CL16-A07,200.00,,https://www.maroma.com/wp-content/uploads/2023/08/CL16-A07_Lemongrass-001.jpg,1
colibri-lavender-rollon-9ml,Colibri Lavender Rollon - 9ml,Default Title,Default Title,CL16-A08,200.00,,https://www.maroma.com/wp-content/uploads/2023/08/CL16-A08_Lavender-001.jpg,1
colibri-post-9ml,Colibri Post - 9ml,Default Title,Default Title,CL16-A09,200.00,,https://www.maroma.com/wp-content/uploads/2023/08/CL16-A09_Aloe-Vera-001.jpg,1
lemongrass-hand-wash-250ml,Lemongrass Hand Wash - 250ml,Default Title,Default Title,CL16-E59,880.00,,https://www.maroma.com/wp-content/uploads/2023/08/CL16-E59_250ml-HW-Lemongrass-001.jpg,1
grapefruit-hand-wash-250ml,Grapefruit Hand Wash - 250ml,Default Title,Default Title,CL16-E57,880.00,,https://www.maroma.com/wp-content/uploads/2023/08/CL16-E57_250ml-HW-Grapefruit-001.jpg,1
fern-moss-10-incense-sticks,Fern & Moss 10 Incense Sticks,Default Title,Default Title,EA10-A12,260.00,,https://www.maroma.com/wp-content/uploads/2023/08/EA10-A12_Fern-Moss-00-copy.jpg,1
green-tea-10-incense-sticks,Green Tea 10 Incense Sticks,Default Title,Default Title,EA10-A19,260.00,,https://www.maroma.com/wp-content/uploads/2023/08/EA10-A19_Green-Tea-00-copy.jpg,1
orange-vanilla-10-incense-sticks,Orange Vanilla 10 Incense Sticks,Default Title,Default Title,EA10-A37,260.00,,https://www.maroma.com/wp-content/uploads/2023/08/EA10-A37_Orange-Vanilla-00-copy.jpg,1
cinnamon-10-cone-incense,Cinnamon 10 Cone Incense,Default Title,Default Title,EA27-A01,250.00,,https://www.maroma.com/wp-content/uploads/2023/08/EA27-A01_Cinnamon-001-copy.jpg,1
lavender-shower-gel-125ml,Lavender Shower Gel - 125ml,Default Title,Default Title,TL16-D92,600.00,,https://www.maroma.com/wp-content/uploads/2023/08/TL16-T53_Lavender-Shower-Gel-001-copy.jpg,1
cedarwood-shower-gel-125ml,Cedarwood Shower Gel - 125ml,Default Title,Default Title,TL16-D95,600.00,,https://www.maroma.com/wp-content/uploads/2023/08/TL16-T56_Rose-Body-Shower-Gel-001-copy.jpg,1
sandalwood-shower-gel-125ml,Sandalwood Shower Gel - 125ml,Default Title,Default Title,TL16-D94,600.00,,https://www.maroma.com/wp-content/uploads/2023/08/TL16-T51_Sandalwood-Shower-Gel-001-copy.jpg,1
rose-shower-gel-125ml,Rose Shower Gel - 125ml,Default Title,Default Title,TL16-D93,600.00,,https://www.maroma.com/wp-content/uploads/2023/08/TL16-T56_Rose-Body-Shower-Gel-001-copy.jpg,1
lavender-shampoo-125ml,Lavender Shampoo - 125ml,Default Title,Default Title,TL16-D72,550.00,,https://www.maroma.com/wp-content/uploads/2023/08/TL16-D72_Lavender-Shampoo-001.jpg,1
cedarwood-shampoo-125ml,Cedarwood Shampoo - 125ml,Default Title,Default Title,TL16-D75,550.00,,https://www.maroma.com/wp-content/uploads/2023/08/TL16-D75_Cedarwood-Shampoo-001.jpg,1
sandalwood-shampoo-125ml,Sandalwood Shampoo - 125ml,Default Title,Default Title,TL16-D74,550.00,,https://www.maroma.com/wp-content/uploads/2023/08/TL16-D74_Sandalwood-Shampoo-001.jpg,1
frangipani-shampoo-125ml,Frangipani Shampoo - 125ml,Default Title,Default Title,TL16-D71,500.00,,https://www.maroma.com/wp-content/uploads/2023/08/TL16-D71_Frangipani-Shampoo-001-Copy.jpg,1
rose-shampoo-125ml,Rose Shampoo - 125ml,Default Title,Default Title,TL16-D73,550.00,,https://www.maroma.com/wp-content/uploads/2023/08/TL16-D73_Rose-Shampoo-001.jpg,1
lavender-hair-conditioner-125ml,Lavender Hair Conditioner - 125ml,Default Title,Default Title,TL16-D82,525.00,,https://www.maroma.com/wp-content/uploads/2023/08/TL16-D82_Lavender-Conditioner-001.jpg,1
cedarwood-hair-conditioner-125ml,Cedarwood Hair Conditioner - 125ml,Default Title,Default Title,TL16-D85,525.00,,https://www.maroma.com/wp-content/uploads/2023/08/TL16-E85_Cedarwood-Conditioner-001.jpg,1
sandalwood-hair-conditioner-125ml,Sandalwood Hair Conditioner - 125ml,Default Title,Default Title,TL16-D84,525.00,,https://www.maroma.com/wp-content/uploads/2023/08/TL16-D84_Sandalwood-Conditioner-001.jpg,1
rose-hair-conditioner-125ml,Rose Hair Conditioner - 125ml,Default Title,Default Title,TL16-D83,525.00,,https://www.maroma.com/wp-content/uploads/2023/08/TL16-D83_Rose-Conditioner-001.jpg,1
lavender-body-lotion-125ml,Lavender Body Lotion - 125ml,Default Title,Default Title,TL16-E82,500.00,,https://www.maroma.com/wp-content/uploads/2023/08/TL16-E82_Lavender-Body-Lotion-001-copy.jpg,1
cedarwood-body-lotion-125ml,Cedarwood Body Lotion - 125ml,Default Title,Default Title,TL16-E85,500.00,,https://www.maroma.com/wp-content/uploads/2023/08/TL16-E85_Cedarwood-Body-Lotion-001-copy.jpg,1
sandalwood-body-lotion-125ml,Sandalwood Body Lotion - 125ml,Default Title,Default Title,TL16-E84,500.00,,https://www.maroma.com/wp-content/uploads/2023/08/TL16-E84_Sandalwood-Body-Lotion-001-copy.jpg,1
body-massage-oil-lavender-125ml,Body Massage Oil Lavender - 125ml,Default Title,Default Title,TL16-E92,670.00,,https://www.maroma.com/wp-content/uploads/2023/08/TL16-S38_Lavender-Body-Oil-001-Copy.jpg,1
body-massage-oil-cedarwood-125ml,Body Massage Oil Cedarwood - 125ml,Default Title,Default Title,TL16-E95,670.00,,https://www.maroma.com/wp-content/uploads/2023/08/TL16-S40_Cedarwood-Body-Oil-001-Copy.jpg,1
body-massage-oil-sandalwood-125ml,Body Massage Oil Sandalwood - 125ml,Default Title,Default Title,TL16-E94,670.00,,https://www.maroma.com/wp-content/uploads/2023/08/TL16-S36_Sandalwood-Body-Oil-001-copy-Copy.jpg,1
rose-body-massage-oil-125ml,Rose Body Massage Oil - 125ml,Default Title,Default Title,TL16-E93,670.00,,https://www.maroma.com/wp-content/uploads/2023/08/TL16-S39_Rose-Body-Oil-001-copy-Copy.jpg,1
lavender-hair-oil-125ml,Lavender Hair Oil - 125ml,Default Title,Default Title,TL16-B52,800.00,,https://www.maroma.com/wp-content/uploads/2023/08/TL16-B37_Lavender-Hair-Oil-001-copy.jpg,1
cedarwood-hair-oil-125ml,Cedarwood Hair Oil - 125ml,Default Title,Default Title,TL16-B55,800.00,,https://www.maroma.com/wp-content/uploads/2023/08/TL16-B40_Cedarwood-Hair-Oil-001-copy.jpg,1
rose-hair-oil-125ml,Rose Hair Oil - 125ml,Default Title,Default Title,TL16-B53,800.00,,https://www.maroma.com/wp-content/uploads/2023/08/TL16-B38_Rose-Hair-Oil-001-copy.jpg,1
lemongrass-square-sachet,Lemongrass Square Sachet,Default Title,Default Title,TL13-A55,240.00,,https://www.maroma.com/wp-content/uploads/2025/09/Colibri-Square-Saceht-pby3-Lemongrass-001.webp,1
solid-perfume-rose-attar-8gms,Solid Perfume Rose Attar - 8gms,Default Title,Default Title,EA14-D28,495.00,,https://www.maroma.com/wp-content/uploads/2023/08/EA14-D28_Rose-Attar-SP-001-copy.jpg,1
solid-perfume-desert-spring-8gms,Solid Perfume Desert Spring - 8gms,Default Title,Default Title,EA13-D36,495.00,,https://www.maroma.com/wp-content/uploads/2023/08/EA13-D36_Desert-Spring-SP-001-copy.jpg,1
solid-perfume-lavender-8gms,Solid Perfume Lavender - 8gms,Default Title,Default Title,EA14-D38,450.00,,https://www.maroma.com/wp-content/uploads/2023/08/EA14-D36_Lavender-SP-001-copy.jpg,1
reed-diffuser-frangipani,Reed Diffuser-Frangipani,Default Title,Default Title,EA14-I01,2895.00,,https://www.maroma.com/wp-content/uploads/2023/08/EA14-161_Frangipani-001-copy.jpg,1
reed-diffuser-lemongrass,Reed Diffuser-Lemongrass,Default Title,Default Title,EA14-I04,2895.00,,https://www.maroma.com/wp-content/uploads/2023/08/EA14-164_Lemongrass-001-copy.jpg,1
10-perfume-mats-lavender,10 Perfume Mats -Lavender,Default Title,Default Title,EA35-D21,600.00,700.00,https://www.maroma.com/wp-content/uploads/2023/08/EA35-D21_Perfume-Mats-Lavender-001-copy.jpg,1
10-perfume-mats-orange-cinnamon,10 Perfume Mats -Orange Cinnamon,Default Title,Default Title,EA35-D24,600.00,700.00,https://www.maroma.com/wp-content/uploads/2023/08/EA35-D24_Perfume-Mats-Orange-Chinnamon-001-copy.jpg,1
10-perfume-mats-vanilla,10 Perfume Mats -Vanilla,Default Title,Default Title,EA35-D26,600.00,700.00,https://www.maroma.com/wp-content/uploads/2023/08/EA35-D26_Perfume-Mats-Vanilla-001-copy.jpg,1
10-perfume-mats-opium-flower,10 Perfume Mats - Opium Flower,Default Title,Default Title,EA35-D27,600.00,700.00,https://www.maroma.com/wp-content/uploads/2023/08/EA35-D27_Perfume-Mats-Opium-001.jpg,1
cherry-blossom-and-rose-perfume-spirals,Cherry Blossom and Rose Perfume Spirals,Default Title,Default Title,EA34-A27,410.00,,https://www.maroma.com/wp-content/uploads/2023/08/EA34-A27_Double-Perfume-Spiral-00-copy.jpg,1
opium-flower-and-musk-perfume-spirals,Opium Flower and Musk Perfume Spirals,Default Title,Default Title,EA34-A28,410.00,,https://www.maroma.com/wp-content/uploads/2023/08/EA34-A28_Double-Perfume-Spiral-00-copy.jpg,1
white-sage-and-frankincense-perfume-spirals,White Sage and Frankincense Perfume Spirals,Default Title,Default Title,EA34-A31,410.00,,https://www.maroma.com/wp-content/uploads/2023/08/EA34-A31_Double-Perfume-Spiral-00-copy.jpg,1
kalki-votive-white-lotus-70gms,Kalki Votive White Lotus -70gms,Default Title,Default Title,KI39-A06,420.00,,https://www.maroma.com/wp-content/uploads/2023/08/White-Lotus-70gm_Kalki-Votive-001-copy.jpg,1
kalki-votive-blessing-95gms,Kalki Votive Blessing - 95gms,Default Title,Default Title,KI39-A28,520.00,,https://www.maroma.com/wp-content/uploads/2023/08/Blessing_100gm-Kalki-Votive-001-copy.jpg,1
orange-cinnamon-75gms-each,Orange Cinnamon - 75gms each,Default Title,Default Title,CA11-C64,460.00,,https://www.maroma.com/wp-content/uploads/2023/08/Aromatic-Candle_Orange-Cinnamon-75gm-001-copy.jpg,1
incense-leaves-votive-gift-set-zen,Incense Leaves & Votive Gift Set - Zen,Default Title,Default Title,CA29-C36,760.00,,https://www.maroma.com/wp-content/uploads/2023/08/CA29-C36_Zen-LIC-001.jpg,1
incense-cone-votive-gift-set-frankincense-myrrh,Incense Cone & Votive Gift Set -Frankincense & Myrrh,Default Title,Default Title,CA29-C06,760.00,,https://www.maroma.com/wp-content/uploads/2023/08/CA29-C06_Frankincense-Myrrh-CIC-001-copy.jpg,1
incense-cone-votive-gift-set-lemon-verbena-ca29-c07,Incense Cone & Votive Gift Set - Lemon Verbena,Default Title,Default Title,CA29-C07,760.00,,https://www.maroma.com/wp-content/uploads/2023/08/CA29-C07_Lemon-Veerbena-CIC-001-copy.jpg,1
dish-wash-graperfruit-500ml,Dish Wash Graperfruit- 500ml,Default Title,Default Title,CL16-E02,760.00,,https://www.maroma.com/wp-content/uploads/2023/08/CL16-E02_500ml-DW-Grapefruit-001.jpg,1
scrub-soap-giftset-p-4-25-gms-each,Scrub Soap Giftset P/4 25 Gms Each,Default Title,Default Title,TL16-P72,550.00,,https://www.maroma.com/wp-content/uploads/2023/08/TL-16-P72-001_.jpg,1
scrub-soap-giftset-p-4-25-gms-each-tl16-p73,Scrub Soap Giftset P/4 25 Gms Each,Default Title,Default Title,TL16-P73,550.00,,https://www.maroma.com/wp-content/uploads/2023/08/TL-16-P73-001_.jpg,1
tea-tree-lavender-shampoo,Tea Tree Lavender Shampoo,Default Title,Default Title,TL16-F10,735.00,,https://www.maroma.com/wp-content/uploads/2023/08/TL16-F10_Tea-Tree-Shampoo-001.jpg,1
tea-tree-lavender-hair-conditioner-200ml,Tea Tree Lavender Hair Conditioner - 200ml,Default Title,Default Title,TL16-K31,720.00,,https://www.maroma.com/wp-content/uploads/2023/08/TL16-K31_Tea-Tree-Conditioner-001.jpg,1
hemp-lip-care-5gms-only-for-sale-in-india,Hemp Lip Care - 5gms (Only for Sale in India),Default Title,Default Title,HL16-A05,220.00,,https://www.maroma.com/wp-content/uploads/2023/08/HL16-A05_Hemp-Lip-Care-001-copy.jpg,1
incense-cone-votive-gift-set-lemon-verbena-ca29-c07,Incense Cone & Votive Gift Set - Lemon Verbena,Default Title,Default Title,CA29-C07,760.00,,https://www.maroma.com/wp-content/uploads/2023/08/CA29-C07_Lemon-Veerbena-CIC-001-copy.jpg,1
sage-amber-lily-of-the-valley-60gms-each-triple-scented-pack-of-2,"Sage, Amber, Lily of the Valley - 60gms. Each Triple Scented (Pack of 2)",Default Title,Default Title,CA11-R05,420.00,,https://www.maroma.com/wp-content/uploads/2023/08/CA11-R05-copy.jpg,1
lavender-cherry-blossom-peach-vanilla-60gms-each-triple-scented-pack-of-2,"Lavender, Cherry Blossom, Peach Vanilla - 60gms Each Triple Scented (Pack of 2)",Default Title,Default Title,CA11-R04,420.00,,https://www.maroma.com/wp-content/uploads/2023/08/CA11-R04-copy.jpg,1
desert-spring-oceans-into-the-night-60gms-each-triple-scented-pack-of-2,"Desert Spring, Oceans, Into the Night - 60gms. Each Triple Scented (Pack of 2)",Default Title,Default Title,CA11-R03,420.00,,https://www.maroma.com/wp-content/uploads/2023/08/CA11-R03-copy.jpg,1
cherry-blossom-mimosa-jasmine-vanilla-60gms-each-triple-scented-pack-of-2,"Cherry Blossom, Mimosa, Jasmine Vanilla - 60gms Each Triple Scented (Pack of 2)",Default Title,Default Title,CA11-R02,420.00,,https://www.maroma.com/wp-content/uploads/2023/08/CA11-R02-copy.jpg,1
sage-amber-lily-of-the-valley-100gms-triple-scented,"Sage, Amber, Lily of the Valley - 100gms Triple Scented",Default Title,Default Title,CN11-N75,370.00,,https://www.maroma.com/wp-content/uploads/2023/08/CN11-N75-copy.jpg,1
sage-amber-lily-of-the-valley-600gms-triple-scented,"Sage, Amber, Lily of the Valley - 600gms Triple Scented",Default Title,Default Title,CN11-N55,1640.00,,https://www.maroma.com/wp-content/uploads/2023/08/CN11-N55-copy.jpg,1
incense-cone-votive-gift-set-sandalwood,Incense Cone & Votive Gift Set -Sandalwood,Default Title,Default Title,CA29-C09,760.00,,https://www.maroma.com/wp-content/uploads/2023/08/CA29-C09_Sandalwood-CI7C-001.jpg,1
incense-collection-giftset,Incense Collection-Giftset,Default Title,Default Title,EA10-E26,950.00,,https://www.maroma.com/wp-content/uploads/2022/08/EA10-E26_Incense-Gift-Set-001.jpg,1
women-travel-set,Women Travel Set,Default Title,Default Title,EA29-A34,2000.00,,https://www.maroma.com/wp-content/uploads/2023/08/EA29-A34_Women-Travel-Kit-001-copy.jpg,1
wellness-set,Wellness Set,Default Title,Default Title,EA29-A35,2200.00,,https://www.maroma.com/wp-content/uploads/2022/09/EA29-A35_Wellness-Set-001.jpg,1
nurture-set,Nurture Set,Default Title,Default Title,EA29-A36,2100.00,,https://www.maroma.com/wp-content/uploads/2023/08/EA29-A36_Nurture-Set-001-copy.jpg,1
man-travel-set,Man Travel Set,Default Title,Default Title,EA29-A33,2500.00,,https://www.maroma.com/wp-content/uploads/2023/08/EA29-A33_Man-Travel-Kit-001-copy.jpg,1
baby-boy-giftset,Baby Boy Giftset,Default Title,Default Title,EA29-A37,1500.00,,https://www.maroma.com/wp-content/uploads/2023/07/EA29-A37_Baby-Boy-Gift-Set-001-copy.jpg,1
baby-girl-giftset,Baby Girl Giftset,Default Title,Default Title,EA29-A38,1500.00,,https://www.maroma.com/wp-content/uploads/2023/08/EA29-A38_Baby-Girl-Gift-Set-001-copy.jpg,1
devi-perfume-audacity-10ml,Devi Perfume Audacity - 10ml,Default Title,Default Title,MD14-A01,650.00,,https://www.maroma.com/wp-content/uploads/2023/08/MD-14-A01-Devi-Perfume-001-copy.jpg,1
ceramic-spiral-burner-star,Ceramic Spiral Burner Star,Default Title,Default Title,AC24-F26,2680.00,,https://www.maroma.com/wp-content/uploads/2023/08/AC24-F26-Ceramic-Spiral-Burner-Star-001-copy-.jpg,1
ceramic-spiral-burner-cat,Ceramic Spiral Burner Cat,Default Title,Default Title,AC24-F25,2680.00,,https://www.maroma.com/wp-content/uploads/2023/08/AC24-F25_Ceramic-Spiral-Burner-Cat-001-copy.jpg,1
colibri-lemongrass-spray-10ml,Colibri Lemongrass Spray - 10ml,Default Title,Default Title,CL16-A05,200.00,,https://www.maroma.com/wp-content/uploads/2023/08/CL16-A05_Lemongrass-001.jpg,1
colibri-lemongrass-spray-10ml,,,,,,,https://www.maroma.com/wp-content/uploads/2023/08/CL16-A05_Lemongrass-002.jpg,2
serenity-10-incense-sticks,Serenity 10 Incense Sticks,Default Title,Default Title,MD10-A03,240.00,,https://www.maroma.com/wp-content/uploads/2023/08/MD10-A03-Serenity-001-copy.jpg,1
mastery-10-incense-sticks,Mastery 10 Incense Sticks,Default Title,Default Title,MD10-A02,240.00,,https://www.maroma.com/wp-content/uploads/2023/08/MD10-A02-Mastery-001-copy.jpg,1
audacity-10-incense-sticks,Audacity 10 Incense Sticks,Default Title,Default Title,MD10-A01,240.00,,https://www.maroma.com/wp-content/uploads/2023/08/MD10-A01-Audacity-001-copy.jpg,1
devi-perfume-serenity-10ml,Devi Perfume Serenity - 10ml,Default Title,Default Title,MD14-A03,650.00,,https://www.maroma.com/wp-content/uploads/2023/08/MD14-A03-Devi-Serenity-001-copy.jpg,1
devi-perfume-mastery-10ml,Devi Perfume Mastery - 10ml,Default Title,Default Title,MD14-A02,650.00,,https://www.maroma.com/wp-content/uploads/2023/08/MD14-A02-Devi-Mastery-001-copy.jpg,1
strawberry-100gms,Strawberry -100gms,Default Title,Default Title,CA11-B02 SB,400.00,,https://www.maroma.com/wp-content/uploads/2023/08/Strawberry-002.jpg,1
pinkberry-100gms,Pinkberry - 100gms,Default Title,Default Title,CA11-B02 PY,400.00,,https://www.maroma.com/wp-content/uploads/2023/08/Strawberry-002.jpg,1
pomegranate-100gms,Pomegranate -100gms,Default Title,Default Title,CA11-B02 PG,400.00,,https://www.maroma.com/wp-content/uploads/2023/08/Pomegranate-002.jpg,1
peach-blossom-100gms,Peach Blossom - 100gms,Default Title,Default Title,CA11-B02 PB,400.00,,https://www.maroma.com/wp-content/uploads/2023/08/Peach-Blossom-002.jpg,1
orange-blossom-100gms,Orange Blossom - 100gms,Default Title,Default Title,CA11-B02 OB,360.00,,https://www.maroma.com/wp-content/uploads/2023/08/Orange-Blossom-002.jpg,1
cranberry-100gms,Cranberry - 100gms,Default Title,Default Title,CA11-B02 CY,360.00,,https://www.maroma.com/wp-content/uploads/2023/08/Cranberry-002.jpg,1
cherry-blossom-100gms,Cherry Blossom- 100gms,Default Title,Default Title,CA11-B02 CB,360.00,,https://www.maroma.com/wp-content/uploads/2023/08/Cherry-Blossom-002-1.jpg,1
apple-blossom-100gms,Apple Blossom- 100gms,Default Title,Default Title,CA11-B02 AB,360.00,,https://www.maroma.com/wp-content/uploads/2023/08/Apple-Blossom-002.jpg,1
heart-soap-set,Heart soap set,Default Title,Default Title,TL16-P66,1010.00,,https://www.maroma.com/wp-content/uploads/2023/10/TL16-P66_Heart-Soap-Set-min.jpg,1
heart-soap-set-tl-16-p67,Heart soap set,Default Title,Default Title,TL 16-P67,1010.00,,https://www.maroma.com/wp-content/uploads/2023/10/TL-16-P67_Heart-Soap-Set-min.jpg,1
mini-gift-set,Mini Gift Set,Default Title,Default Title,EA29-E52,650.00,,https://www.maroma.com/wp-content/uploads/2023/10/EA29-E52-Gift-Set-001-min.jpg,1
giftset-devi,Giftset-Devi,Default Title,Default Title,a,1900.00,2375.00,https://www.maroma.com/wp-content/uploads/2023/10/EA29-E59-Giftset-001-min.jpg,1
home-fragrance-gift-set,Home Fragrance Gift Set,Default Title,Default Title,EA29-E61,1625.00,,https://www.maroma.com/wp-content/uploads/2023/10/EA29-E61-Home-Fragrance-Gift-Set-001-min-1.jpg,1
gift-set-with-soap-shampoo-sachet,"Gift Set with Soap, Shampoo, Sachet",Default Title,Default Title,EA29-E62,2525.00,,https://www.maroma.com/wp-content/uploads/2023/10/EA29-E62-Wellness-Gift-Set-001-min.jpg,1
corporate-gift-set,Corporate Gift Set,Default Title,Default Title,EA29-E64,1250.00,,https://www.maroma.com/wp-content/uploads/2023/10/EA29-E64-Corporate-Gift-Set-001-min.jpg,1
shaving-foam-after-shave-gel-get-10ml-eau-de-toilette-free,Shaving Foam & After Shave gel - Get 10ml Eau De Toilette free,Default Title,Default Title,Men Shaving Foam & After Shave gel,1685.00,,https://www.maroma.com/wp-content/uploads/2023/11/After-Shave-Gel-Shaving-foam.jpg,1
turmeric-day-cream-get-10ml-hair-body-mist-free,Turmeric Day & Cream - Get 10ml Hair Body Mist free,Default Title,Default Title,Day Cream & Night Cream,1975.00,,https://www.maroma.com/wp-content/uploads/2023/11/Day-Nighr-Cream.jpg,1
perfume-set-of-2,Perfume Set of 2,Default Title,Default Title,EA29-E78(Lav&Vet),900.00,1200.00,https://www.maroma.com/wp-content/uploads/2023/11/EA29-E78-Lavender-Vetiver-min.jpg,1
giftset,Giftset,Default Title,Default Title,E,1500.00,,https://www.maroma.com/wp-content/uploads/2023/12/EA29-E69-001-min.jpg,1
giftset-ea29-e70,Giftset,Default Title,Default Title,EA29-E70,900.00,,https://www.maroma.com/wp-content/uploads/2023/12/EA29-E70-Giftset-001-min.jpg,1
maroma-perfumes-p-2-set,Maroma Perfumes (P/2) Set,Default Title,Default Title,EA29-E78(Oc&DS),900.00,1200.00,https://www.maroma.com/wp-content/uploads/2023/11/EA29-E78-Oceans-Desert-Spring-min.jpg,1
maroma-perfumes-p-2-set-ea29-e78-ss-op,Maroma Perfumes (P/2) Set,Default Title,Default Title,EA29-E78(SS&Op),900.00,1200.00,https://www.maroma.com/wp-content/uploads/2023/11/EA29-E78-Opium-flower-Sweet-Sandal-min.jpg,1
maroma-perfumes-p-2-set-ea29-e78-ra-m,Maroma Perfumes (P/2) Set,Default Title,Default Title,EA29-E78(RA&M),900.00,1200.00,https://www.maroma.com/wp-content/uploads/2023/11/EA29-E78-Rose-Attar-Musk-min.jpg,1
incense-cone-p-2-ceramic-holder-ea29-e74-ce-or-c,Incense Cone (P/2) & Ceramic Holder,Default Title,Default Title,EA29-E74(CE&Or.C),395.00,500.00,https://www.maroma.com/wp-content/uploads/2023/12/EA29-E74-Orange-cinnamon-Cypress-Eucalyptus-min.jpg,1
incense-cone-p-2-ceramic-holder-ea29-e74-am-into-the-night,Incense Cone (P/2) & Ceramic Holder,Default Title,Default Title,EA29-E74(Am&Into the Night),395.00,500.00,https://www.maroma.com/wp-content/uploads/2023/12/EA29-E74-Into-the-Night-Amber-min.jpg,1
incense-cone-p-2-ceramic-holder-ea29-e74-fi-op,Incense Cone (P/2) & Ceramic Holder,Default Title,Default Title,EA29-E74(FI&Op),395.00,500.00,https://www.maroma.com/wp-content/uploads/2023/12/EA29-E74-Opium-Flower-Frankincense-min.jpg,1
incense-cone-p-2-ceramic-holder-ea29-e74-pi-juniper,Incense Cone (P/2) & Ceramic Holder,Default Title,Default Title,EA29-E74(Pi&Juniper),395.00,500.00,https://www.maroma.com/wp-content/uploads/2023/12/EA29-E74-Junipoer-Pine-min.jpg,1
shower-gel-lotion-get-bamboo-belt-free,Shower Gel & Lotion - get Bamboo Belt free,Default Title,Default Title,EA29-E78-7,2100.00,,https://www.maroma.com/wp-content/uploads/2023/12/Shower-gel-Lotion-1-min-1.jpg,1
shower-gel-body-butter-get-sisal-belt-free,Shower Gel & Body Butter- Get Sisal Belt free,Default Title,Default Title,EA29-E78-8,2200.00,,https://www.maroma.com/wp-content/uploads/2023/12/showegel-Body-Butter-1-min-1.jpg,1
shampoo-conditioner-get-bamboo-glove-free,Shampoo & Conditioner- Get Bamboo Glove free,Default Title,Default Title,EA29-E78-9,2090.00,,https://www.maroma.com/wp-content/uploads/2023/12/shampoo-conditioner-1-min-1.jpg,1
baby-lotion-shampoo-get-bamboo-puff-free,Baby Lotion & Shampoo-Get Bamboo Puff free,Default Title,Default Title,EA29-E78-10,2450.00,,https://www.maroma.com/wp-content/uploads/2023/12/Lotion-Shampoo-1-min.jpg,1
colibri-cedarwood-cylindric-candle-with-terracotta,Colibri Cedarwood Cylindric Candle with Terracotta,Default Title,Default Title,CA11-A95 Colibri Cedarwood,1200.00,,https://www.maroma.com/wp-content/uploads/2023/12/Colibri-Cedarwood1-min.jpg,1
colibri-lavender-cylindric-candle-with-terracotta,Colibri Lavender Cylindric Candle with Terracotta,Default Title,Default Title,CA11-A95 Colibri Lavender,1200.00,,https://www.maroma.com/wp-content/uploads/2023/12/Colibri-Lavender1-min.jpg,1
colibri-lemongrass-cylindric-candle-with-terracotta,Colibri Lemongrass Cylindric Candle with Terracotta,Default Title,Default Title,CA11-A95 Colibri Lemongrass,1200.00,,https://www.maroma.com/wp-content/uploads/2023/12/Colibri-Lemongrass1-min.jpg,1
lemongrass-cylindric-candle-with-terracotta,Lemongrass Cylindric Candle with Terracotta,Default Title,Default Title,CA11-A95 Lemongrass,1200.00,,https://www.maroma.com/wp-content/uploads/2023/12/Lemongrass1-min.jpg,1
orange-cinnamon-cylindric-candle-with-terracotta,Orange Cinnamon Cylindric Candle with Terracotta,Default Title,Default Title,CA11-A95 Orange Cinnamon,1200.00,,https://www.maroma.com/wp-content/uploads/2023/12/Orange-Cinnamon1-min.jpg,1
gift-set,Gift Set,Default Title,Default Title,EA29-E76,1440.00,,https://www.maroma.com/wp-content/uploads/2023/12/EA29-E76-02-min.jpg,1
gift-set-ea29-e83,Gift Set,Default Title,Default Title,EA29-E83,2250.00,,https://www.maroma.com/wp-content/uploads/2023/12/EA29-E83-2-min.jpg,1
gift-set-ea29-e83-2,Gift Set,Default Title,Default Title,EA29-E83-2,2250.00,,https://www.maroma.com/wp-content/uploads/2023/12/EA29-E83-2-min-1.jpg,1
jasmine-cylindric-with-leaf-100-gms,Jasmine Cylindric with Leaf 100 Gms.,Default Title,Default Title,CA11-B04,470.00,,https://www.maroma.com/wp-content/uploads/2023/12/CA11-B04-size-12-002-min.jpg,1
opium-cylindric-with-leaf-100-gms,Opium Cylindric with Leaf 100 Gms.,Default Title,Default Title,CA11-B03,470.00,,https://www.maroma.com/wp-content/uploads/2023/12/CA11-B06-Size-12-002-min.jpg,1
jasmine-cylindric-with-leaf-140-gms,Jasmine Cylindric with Leaf 140 Gms.,Default Title,Default Title,CA11-B06,470.00,,https://www.maroma.com/wp-content/uploads/2023/12/CA11-B06-Size13-002-min.jpg,1
jasmine-cylindric-with-leaf-200-gms,Jasmine Cylindric With Leaf 200 Gms.,Default Title,Default Title,CA11-B08,650.00,,https://www.maroma.com/wp-content/uploads/2023/12/CA11-B08-Size-14-002-min.jpg,1
opium-cylindric-with-leaf-300-gms,Opium Cylindric With Leaf 300 Gms.,Default Title,Default Title,CA11-B11,900.00,,https://www.maroma.com/wp-content/uploads/2023/12/CA11-B13-Size-16-002-min.jpg,1
jasmine-square-with-leaf-600-gms,Jasmine Square with Leaf 600 Gms.,Default Title,Default Title,CA11-B20,1485.00,,https://www.maroma.com/wp-content/uploads/2023/12/CA11-B20-Square-19-003-min.jpg,1
potpourri-pet-jar-cherry-blossom,Potpourri Pet Jar - Cherry Blossom,Default Title,Default Title,EA17-D09,615.00,,https://www.maroma.com/wp-content/uploads/2023/08/EA17-D09_Cherry-Blossom-001-copy.jpg,1
potpourri-pet-jar-desert-spring,Potpourri Pet Jar - Desert Spring,Default Title,Default Title,EA17-D12,615.00,,https://www.maroma.com/wp-content/uploads/2023/08/EA17-D12_Desert-Spring-001-copy.jpg,1
potpourri-pet-jar-sweet-amber,Potpourri Pet Jar - Sweet Amber,Default Title,Default Title,EA17-D06,615.00,,https://www.maroma.com/wp-content/uploads/2023/08/EA17-D06_Sweet-Amber-001-copy.jpg,1
potpourri-pet-jar-vanilla-blush,Potpourri Pet Jar - Vanilla Blush,Default Title,Default Title,EA17-D11,615.00,,https://www.maroma.com/wp-content/uploads/2023/08/EA17-D11Vanilla-Blush-001-copy.jpg,1
potpourri-pet-jar-rose-absolute,Potpourri Pet Jar - Rose Absolute,Default Title,Default Title,EA17-D08,615.00,,https://www.maroma.com/wp-content/uploads/2023/08/EA17-D08_Rose-Absolute-001-copy.jpg,1
potpourri-pet-jar-wild-lotus,Potpourri Pet Jar - Wild Lotus,Default Title,Default Title,EA17-D10,615.00,,https://www.maroma.com/wp-content/uploads/2023/08/EA17-D10_Wild-Lotus-001-copy.jpg,1
potpourri-pet-jar-lavender-dreams,Potpourri Pet Jar - Lavender Dreams,Default Title,Default Title,EA17-D07,615.00,,https://www.maroma.com/wp-content/uploads/2023/08/EA17-D07_Lavender-Dreams-001-copy.jpg,1
potpourri-pet-jar-tender-jasmine,Potpourri Pet Jar - Tender Jasmine,Default Title,Default Title,EA17-D13,615.00,,https://www.maroma.com/wp-content/uploads/2023/08/EA17-D13_Tender-Jasmine-001-copy.jpg,1
reed-diffuser-opium-flower,Reed Diffuser-Opium Flower,Default Title,Default Title,EA14-I06,2725.00,,https://www.maroma.com/wp-content/uploads/2023/08/EA14-166_Opium-001-copy.jpg,1
reed-diffuser-orange-cinnamon,Reed Diffuser-Orange Cinnamon,Default Title,Default Title,EA14-I07,2725.00,,https://www.maroma.com/wp-content/uploads/2023/08/EA14-167_Orange-Cinnamon-001-copy.jpg,1
flower-blush-reed-diffuser-peach-blossom,Flower Blush Reed Diffuser- Peach Blossom,Default Title,Default Title,EA14-G32,1990.00,,https://www.maroma.com/wp-content/uploads/2023/08/EA14-G32_FRD-Peach-Blossom-80ml-001-copy.jpg,1
flower-blush-reed-diffuser-orange-blossom,Flower Blush Reed Diffuser- Orange Blossom,Default Title,Default Title,EA14-G33,1990.00,,https://www.maroma.com/wp-content/uploads/2023/08/EA14-FRD-Orange-Blossom-80ml-001-copy.jpg,1
flower-blush-reed-diffuser-cherry-blossom,Flower Blush Reed Diffuser- Cherry Blossom,Default Title,Default Title,EA14-G31,1990.00,,https://www.maroma.com/wp-content/uploads/2023/08/EA14-G31_FRD-Cherry-Blossom-80ml-001-copy.jpg,1
flower-blush-reed-diffuser-apple-blossom,Flower Blush Reed Diffuser- Apple Blossom,Default Title,Default Title,EA14-G34,1990.00,,https://www.maroma.com/wp-content/uploads/2023/08/EA14-G34_FRD-Apple-Blossom-80ml-001-copy.jpg,1